Conventions,G,BADC-CSV,1
title,G,uk-daily-temperature-obs
source,G,Met Office MIDAS database
creator,G,Met Office
activity,G,Met Office MIDAS Open: UK Land Surface Stations Data
feature_type,G,point series
collection_name,G,midas-open
collection_version_number,G,dataset-version-202207
history,G,Created 2022-07-29
last_revised_date,G,2022-07-29
observation_station,G,edinburgh-blackford-hill
historic_county_name,G,midlothian-in-lothian-region
midas_station_id,G,00251
location,G,55.923,-3.191
height,G,134,m
date_valid,G,2001-01-01 00:00:00,2001-12-31 23:59:59
midas_qc_version_number,G,1
comments,G,The midas_qc_version_number indicates if the data are original received message (0) or current best version (1)
comments,G,This file contains station observations
comments,G,missing values are identified with the missing data flag
missing_value,G,NA
coordinate_variable,ob_end_time,t
long_name,ob_end_time,Date and time at end of observation,s
type,ob_end_time,char
comments,ob_end_time,Date and time (YYYY-MM-DD HH:MM:SS) at the end of the observation period
comments,ob_end_time,Use ob_end_time in conjunction with ob_hour_count to determine the period over which the observation relates.
comments,ob_end_time,Common periods include 12 hour observations ending at 0900 or 2100 or 24 hour observations ending at 0900.
long_name,id_type,identifier type,1
type,id_type,char
comments,id_type,a station may have more than one id assigned to it defined by id_type
long_name,id,station identifier,1
type,id,char
comments,id,a station may have more than one id assigned to it 
long_name,ob_hour_count,observation hour count,hours
type,ob_hour_count,int
comments,ob_hour_count,number of hours the observation period spans
long_name,version_num,midas qc version number,1
type,version_num,int
comments,version_num,The midas_qc_version_number indicates if the data are original received message (0) or current best version (1)
long_name,met_domain_name,message type,1
type,met_domain_name,char
comments,met_domain_name,message type (see MIDAS documentation)
long_name,src_id,unique MIDAS source identifier,1
type,src_id,int
long_name,rec_st_ind,state indicator for the record,1
type,rec_st_ind,int
comments,rec_st_ind,state indicator for the current stage in the life of the record (see MIDAS documentation)
long_name,max_air_temp,maximum air temperature,degC
type,max_air_temp,float
comments,max_air_temp,maximum air temperature recorded during the observation period
long_name,min_air_temp,minimum air temperature,degC
type,min_air_temp,float
comments,min_air_temp,minimum air temperature recorded during the observation period
long_name,min_grss_temp,minimum grass temperature, degC
type,min_grss_temp,float
comments,min_grss_temp,minimum grass temperature recorded during the observation period
long_name,min_conc_temp,minimum concrete temperature, degC
type,min_conc_temp,float
comments,min_conc_temp,minimum concrete temperature recorded during the observation period
long_name,max_air_temp_q,maximum air temperature qc code,1
type,max_air_temp_q,int
comments,max_air_temp_q,maximum air temperature qc code (see MIDAS documentation)
long_name,min_air_temp_q,minimum air temperature qc code,1
type,min_air_temp_q,int
comments,min_air_temp_q,minimum air temperature qc code (see MIDAS documentation)
long_name,min_grss_temp_q,minimum grass temperature qc code,1
type,min_grss_temp_q,int
comments,min_grss_temp_q,minimum grass temperature qc code (see MIDAS documentation)
long_name,min_conc_temp_q,minimum concrete temperature qc code,1
type,min_conc_temp_q,int
comments,min_conc_temp_q,minimum concrete temperature qc code (see MIDAS documentation)
long_name,max_air_temp_j,maximum air temperature descriptor code,1
type,max_air_temp_j,int
comments,max_air_temp_j,maximum air temperature descriptor code (see MIDAS documentation)
long_name,min_air_temp_j,minimum air temperature descriptor code,1
type,min_air_temp_j,int
comments,min_air_temp_j,minimum air temperature descriptor code (see MIDAS documentation)
long_name,min_grss_temp_j,minimum grass temperature descriptor code,1
type,min_grss_temp_j,int
comments,min_grss_temp_j,minimum grass temperature descriptor code (see MIDAS documentation)
long_name,min_conc_temp_j,minimum concrete temperature descriptor code,1
type,min_conc_temp_j,int
comments,min_conc_temp_j,minimum concrete temperature descriptor code (see MIDAS documentation)
long_name,meto_stmp_time,Met Office receipt stamp time,s
type,meto_stmp_time,char
comments,meto_stmp_time,Met Office receipt stamp time as YYYY-MM-DD HH:MM:SS
long_name,midas_stmp_etime,elapsed time to storage in MIDAS,minutes
type,midas_stmp_etime,int
comments,midas_stmp_etime,elapsed time to storage in MIDAS in minutes
data
ob_end_time,id_type,id,ob_hour_count,version_num,met_domain_name,src_id,rec_st_ind,max_air_temp,min_air_temp,min_grss_temp,min_conc_temp,max_air_temp_q,min_air_temp_q,min_grss_temp_q,min_conc_temp_q,max_air_temp_j,min_air_temp_j,min_grss_temp_j,min_conc_temp_j,meto_stmp_time,midas_stmp_etime
2001-01-09 09:00:00,DCNN,1646,24,1,DLY3208,251,1011,6.6,2.6,0.4,NA,6,6,6,6,NA,NA,NA,NA,2001-02-20 11:16:00,1999
2001-01-10 09:00:00,DCNN,1646,24,1,DLY3208,251,1022,NA,1.6,0.3,NA,2006,6,6,6,NA,NA,NA,NA,2001-04-19 16:47:00,0
2001-01-11 09:00:00,DCNN,1646,24,1,DLY3208,251,1022,NA,NA,-2.8,NA,2006,6,6,6,NA,NA,NA,NA,2001-04-19 16:47:00,0
2001-01-12 09:00:00,DCNN,1646,24,1,DLY3208,251,1011,5.1,3.2,2,NA,6,6,6,6,NA,NA,NA,NA,2001-02-20 11:16:00,1999
2001-01-13 09:00:00,DCNN,1646,24,1,DLY3208,251,1011,5.9,-2,-4.2,NA,6,6,6,6,NA,NA,NA,NA,2001-02-20 11:16:00,1999
2001-01-14 09:00:00,DCNN,1646,24,1,DLY3208,251,1022,5.8,NA,-5.6,NA,6,2006,6,6,NA,NA,NA,NA,2001-04-19 16:55:00,0
2001-01-15 09:00:00,DCNN,1646,24,1,DLY3208,251,1022,6.1,NA,-5.4,NA,6,2006,6,6,NA,NA,NA,NA,2001-04-19 16:55:00,0
2001-01-16 09:00:00,DCNN,1646,24,1,DLY3208,251,1011,4.5,-4,-6,NA,6,6,6,6,NA,NA,NA,NA,2001-02-20 11:16:00,1999
2001-01-17 09:00:00,DCNN,1646,24,1,DLY3208,251,1011,2.5,-3.5,-6.5,NA,6,6,6,6,NA,NA,NA,NA,2001-02-20 11:16:00,1999
2001-01-18 09:00:00,DCNN,1646,24,1,DLY3208,251,1022,NA,NA,-3,NA,2006,2006,6,6,NA,NA,NA,NA,2001-04-19 16:57:00,0
2001-01-19 09:00:00,DCNN,1646,24,1,DLY3208,251,1022,NA,-0.5,-1.4,NA,2006,6,6,6,NA,NA,NA,NA,2001-04-19 16:47:00,0
2001-01-20 09:00:00,DCNN,1646,24,1,DLY3208,251,1011,4,0.6,0,NA,6,6,6,6,NA,NA,NA,NA,2001-02-20 11:16:00,1999
2001-01-21 09:00:00,DCNN,1646,24,1,DLY3208,251,1011,4,-1.5,-4,NA,6,6,6,6,NA,NA,NA,NA,2001-02-20 11:16:00,1999
2001-01-22 09:00:00,DCNN,1646,24,1,DLY3208,251,1011,4,-1.9,-4.5,NA,6,6,6,6,NA,NA,NA,NA,2001-02-20 11:16:00,1999
2001-01-23 09:00:00,DCNN,1646,24,1,DLY3208,251,1022,6.2,2.1,NA,NA,2006,6,2006,6,NA,NA,NA,NA,2001-04-19 16:58:00,0
2001-01-24 09:00:00,DCNN,1646,24,1,DLY3208,251,1022,NA,NA,5.5,NA,2006,2006,6,6,NA,NA,NA,NA,2001-04-19 16:50:00,0
2001-01-25 09:00:00,DCNN,1646,24,1,DLY3208,251,1022,6.5,NA,NA,NA,6,2006,2006,6,NA,NA,NA,NA,2001-04-19 16:49:00,0
2001-01-26 09:00:00,DCNN,1646,24,1,DLY3208,251,1022,6,2.2,NA,NA,6,6,2006,6,NA,NA,NA,NA,2001-04-19 16:49:00,0
2001-01-27 09:00:00,DCNN,1646,24,1,DLY3208,251,1022,NA,NA,NA,NA,2006,6,6,6,NA,NA,NA,NA,2001-04-19 16:47:00,0
2001-01-28 09:00:00,DCNN,1646,24,1,DLY3208,251,1022,NA,NA,-11.5,NA,6,2006,6,6,NA,NA,NA,NA,2001-04-19 16:49:00,0
2001-01-29 09:00:00,DCNN,1646,24,1,DLY3208,251,1022,NA,NA,-3,NA,2006,6,6,6,NA,NA,NA,NA,2001-04-19 16:47:00,0
2001-01-30 09:00:00,DCNN,1646,24,1,DLY3208,251,1022,7.8,1.9,NA,NA,6,6,2006,6,NA,NA,NA,NA,2001-04-19 16:59:00,0
2001-01-31 09:00:00,DCNN,1646,24,1,DLY3208,251,1011,4.4,1.6,0.9,NA,6,6,6,6,NA,NA,NA,NA,2001-02-20 11:16:00,1999
2001-02-01 09:00:00,DCNN,1646,24,1,DLY3208,251,1011,6.1,1.1,-1.7,NA,6,6,6,6,NA,NA,NA,NA,2001-03-26 07:30:00,3609
2001-02-02 09:00:00,DCNN,1646,24,1,DLY3208,251,1011,8.5,1.9,0.5,NA,6,6,6,6,NA,NA,NA,NA,2001-03-26 07:30:00,3609
2001-02-03 09:00:00,DCNN,1646,24,1,DLY3208,251,1011,8.2,3,1.5,NA,6,6,6,6,NA,NA,NA,NA,2001-03-26 07:30:00,3609
2001-02-04 09:00:00,DCNN,1646,24,1,DLY3208,251,1022,5,-0.5,-1.2,NA,2006,6,6,6,NA,NA,NA,NA,2001-05-11 15:24:00,0
2001-02-05 09:00:00,DCNN,1646,24,1,DLY3208,251,1022,5.5,-1.1,NA,NA,6,6,2006,6,NA,NA,NA,NA,2001-06-01 10:25:00,0
2001-02-06 09:00:00,DCNN,1646,24,1,DLY3208,251,1022,4.1,0,-3,NA,2006,6,6,6,NA,NA,NA,NA,2001-05-11 15:24:00,0
2001-02-07 09:00:00,DCNN,1646,24,1,DLY3208,251,1022,8,1.5,0.4,NA,2006,6,6,6,NA,NA,NA,NA,2001-05-11 15:24:00,0
2001-02-08 09:00:00,DCNN,1646,24,1,DLY3208,251,1022,2,-2.9,-4,NA,2006,6,6,6,NA,NA,NA,NA,2001-05-11 15:24:00,0
2001-02-09 09:00:00,DCNN,1646,24,1,DLY3208,251,1011,3,-5,NA,NA,6,6,6,6,NA,NA,NA,NA,2001-05-11 15:26:00,3125
2001-02-10 09:00:00,DCNN,1646,24,1,DLY3208,251,1011,5.6,-2.1,-5.5,NA,6,6,6,6,NA,NA,NA,NA,2001-03-26 07:30:00,3609
2001-02-11 09:00:00,DCNN,1646,24,1,DLY3208,251,1011,10.5,3,2,NA,6,6,6,6,NA,NA,NA,NA,2001-03-26 07:30:00,3609
2001-02-12 09:00:00,DCNN,1646,24,1,DLY3208,251,1011,10,4.4,2,NA,6,6,6,6,NA,NA,NA,NA,2001-03-26 07:30:00,3609
2001-02-13 09:00:00,DCNN,1646,24,1,DLY3208,251,1011,9.9,3.8,0.4,NA,6,6,6,6,NA,NA,NA,NA,2001-03-26 07:30:00,3609
2001-02-14 09:00:00,DCNN,1646,24,1,DLY3208,251,1011,8.6,0.5,-4.6,NA,6,6,6,6,NA,NA,NA,NA,2001-03-26 07:30:00,3609
2001-02-15 09:00:00,DCNN,1646,24,1,DLY3208,251,1011,12.6,2.1,-1.9,NA,6,6,6,6,NA,NA,NA,NA,2001-03-26 07:30:00,3609
2001-02-16 09:00:00,DCNN,1646,24,1,DLY3208,251,1011,8.1,1.4,-1.8,NA,6,6,6,6,NA,NA,NA,NA,2001-03-26 07:30:00,3609
2001-02-17 09:00:00,DCNN,1646,24,1,DLY3208,251,1011,8.2,-1,-0.8,NA,6,6,6,6,NA,NA,NA,NA,2001-03-26 07:30:00,3609
2001-02-18 09:00:00,DCNN,1646,24,1,DLY3208,251,1011,9.5,-1.4,-4.5,NA,6,6,6,6,NA,NA,NA,NA,2001-03-26 07:30:00,3609
2001-02-19 09:00:00,DCNN,1646,24,1,DLY3208,251,1011,7.2,3.2,2,NA,6,6,6,6,NA,NA,NA,NA,2001-03-26 07:30:00,3609
2001-02-20 09:00:00,DCNN,1646,24,1,DLY3208,251,1011,10,3.2,-0.2,NA,6,6,6,6,NA,NA,NA,NA,2001-03-26 07:30:00,3609
2001-02-21 09:00:00,DCNN,1646,24,1,DLY3208,251,1011,8.5,4,-2.5,NA,6,6,6,6,NA,NA,NA,NA,2001-03-26 07:30:00,3609
2001-02-22 09:00:00,DCNN,1646,24,1,DLY3208,251,1011,9,3.9,2.5,NA,6,6,6,6,NA,NA,NA,NA,2001-03-26 07:30:00,3609
2001-02-23 09:00:00,DCNN,1646,24,1,DLY3208,251,1011,9.2,-0.5,-3.1,NA,6,6,6,6,NA,NA,NA,NA,2001-03-26 07:30:00,3609
2001-02-24 09:00:00,DCNN,1646,24,1,DLY3208,251,1011,5.5,-2.5,NA,NA,6,6,6,6,NA,NA,NA,NA,2001-05-11 15:27:00,3124
2001-02-25 09:00:00,DCNN,1646,24,1,DLY3208,251,1022,4,-2.6,-5.2,NA,2006,6,6,6,NA,NA,NA,NA,2001-05-11 15:24:00,0
2001-02-26 09:00:00,DCNN,1646,24,1,DLY3208,251,1011,4.6,-1.3,-3.1,NA,6,6,6,6,NA,NA,NA,NA,2001-03-26 07:30:00,3609
2001-02-27 09:00:00,DCNN,1646,24,1,DLY3208,251,1022,0.9,-0.1,NA,NA,6,6,2006,6,NA,NA,NA,NA,2001-05-11 15:25:00,0
2001-02-28 09:00:00,DCNN,1646,24,1,DLY3208,251,1025,0.5,-0.9,NA,NA,6,6,2006,6,NA,NA,NA,NA,2001-05-11 15:25:00,3126
2001-03-01 09:00:00,DCNN,1646,24,1,DLY3208,251,1011,2,-5,-7,NA,6,6,6,6,NA,NA,NA,NA,2001-05-03 08:32:00,15059
2001-03-02 09:00:00,DCNN,1646,24,1,DLY3208,251,1011,NA,-7.8,-11,NA,6,6,6,6,NA,NA,NA,NA,2001-05-03 08:32:00,4980
2001-03-06 09:00:00,DCNN,1646,24,1,DLY3208,251,1022,NA,NA,-6.3,NA,6,2006,6,6,NA,NA,NA,NA,2001-05-30 14:48:00,0
2001-03-07 09:00:00,DCNN,1646,24,1,DLY3208,251,1022,NA,NA,-3,NA,6,2006,6,6,NA,NA,NA,NA,2001-05-30 14:48:00,0
2001-03-08 09:00:00,DCNN,1646,24,1,DLY3208,251,1011,12.6,0.9,0.6,NA,6,6,6,6,NA,NA,NA,NA,2001-05-03 08:32:00,4980
2001-03-09 09:00:00,DCNN,1646,24,1,DLY3208,251,1022,11.6,0.9,NA,NA,6,6,2006,6,NA,NA,NA,NA,2001-05-30 14:48:00,0
2001-03-10 09:00:00,DCNN,1646,24,1,DLY3208,251,1011,12,7,5,NA,6,6,6,6,NA,NA,NA,NA,2001-05-03 08:32:00,4980
2001-03-11 09:00:00,DCNN,1646,24,1,DLY3208,251,1011,NA,4.5,2.5,NA,6,6,6,6,NA,NA,NA,NA,2001-05-03 08:32:00,4980
2001-03-12 09:00:00,DCNN,1646,24,1,DLY3208,251,1011,NA,0,0,NA,6,6,6,6,NA,NA,NA,NA,2001-05-03 08:32:00,4980
2001-03-13 09:00:00,DCNN,1646,24,1,DLY3208,251,1011,8.6,1.2,-1.9,NA,6,6,6,6,NA,NA,NA,NA,2001-05-03 08:32:00,4980
2001-03-14 09:00:00,DCNN,1646,24,1,DLY3208,251,1011,8.7,2.1,1,NA,6,6,6,6,NA,NA,NA,NA,2001-05-03 08:32:00,4980
2001-03-15 09:00:00,DCNN,1646,24,1,DLY3208,251,1011,9.6,1.9,-0.6,NA,6,6,6,6,NA,NA,NA,NA,2001-05-03 08:32:00,4980
2001-03-16 09:00:00,DCNN,1646,24,1,DLY3208,251,1011,5,0,-4.4,NA,6,6,6,6,NA,NA,NA,NA,2001-05-03 08:32:00,4980
2001-03-17 09:00:00,DCNN,1646,24,1,DLY3208,251,1022,5,NA,-8.5,NA,6,2006,6,6,NA,NA,NA,NA,2001-05-30 14:48:00,0
2001-03-18 09:00:00,DCNN,1646,24,1,DLY3208,251,1011,5,0.5,-2,NA,6,6,6,6,NA,NA,NA,NA,2001-05-03 08:32:00,4980
2001-03-19 09:00:00,DCNN,1646,24,1,DLY3208,251,1022,NA,-1.6,-4.1,NA,NA,6,6,6,NA,NA,NA,NA,2001-05-03 08:32:00,4980
2001-03-20 09:00:00,DCNN,1646,24,1,DLY3208,251,1022,7.5,-0.5,NA,NA,6,6,2006,6,NA,NA,NA,NA,2001-05-30 14:48:00,0
2001-03-21 09:00:00,DCNN,1646,24,1,DLY3208,251,1011,7,NA,-1.4,NA,6,6,6,6,NA,NA,NA,NA,2001-05-03 08:32:00,4980
2001-03-22 09:00:00,DCNN,1646,24,1,DLY3208,251,1011,4.5,0,0,NA,6,6,6,6,NA,NA,NA,NA,2001-05-03 08:32:00,4980
2001-03-23 09:00:00,DCNN,1646,24,1,DLY3208,251,1011,3.9,2,2.1,NA,6,6,6,6,NA,NA,NA,NA,2001-05-03 08:32:00,4980
2001-03-27 09:00:00,DCNN,1646,24,1,DLY3208,251,1011,5.8,1,0.8,NA,6,6,6,6,NA,NA,NA,NA,2001-05-03 08:32:00,4980
2001-03-28 09:00:00,DCNN,1646,24,1,DLY3208,251,1011,5,2.2,1.7,NA,6,6,6,6,NA,NA,NA,NA,2001-05-03 08:32:00,4980
2001-03-29 09:00:00,DCNN,1646,24,1,DLY3208,251,1011,7.4,2.5,3,NA,6,6,6,6,NA,NA,NA,NA,2001-05-03 08:32:00,4980
2001-03-30 09:00:00,DCNN,1646,24,1,DLY3208,251,1011,6.9,2.5,1.5,NA,6,6,6,6,NA,NA,NA,NA,2001-05-03 08:32:00,4980
2001-04-01 09:00:00,DCNN,1646,24,1,DLY3208,251,1011,NA,4.5,NA,NA,6,6,6,6,NA,NA,NA,NA,2001-07-05 13:39:00,4672
2001-04-02 09:00:00,DCNN,1646,24,1,DLY3208,251,1011,13,7,NA,NA,6,6,6,6,NA,NA,NA,NA,2001-07-05 13:39:00,4672
2001-04-03 09:00:00,DCNN,1646,24,1,DLY3208,251,1011,15.1,4,2.8,NA,6,6,6,6,NA,NA,NA,NA,2001-06-27 14:39:00,1187
2001-04-04 09:00:00,DCNN,1646,24,1,DLY3208,251,1011,10.3,1.5,-0.8,NA,6,6,6,6,NA,NA,NA,NA,2001-06-27 14:39:00,1187
2001-04-05 09:00:00,DCNN,1646,24,1,DLY3208,251,1011,10.5,2.7,1.5,NA,6,6,6,6,NA,NA,NA,NA,2001-06-27 14:39:00,1187
2001-04-06 09:00:00,DCNN,1646,24,1,DLY3208,251,1011,8,3.4,3.1,NA,6,6,6,6,NA,NA,NA,NA,2001-06-27 14:39:00,1187
2001-04-07 09:00:00,DCNN,1646,24,1,DLY3208,251,1011,6.4,3.2,4.4,NA,6,6,6,6,NA,NA,NA,NA,2001-06-27 14:39:00,1187
2001-04-08 09:00:00,DCNN,1646,24,1,DLY3208,251,1011,7.6,1.9,-0.2,NA,6,6,6,6,NA,NA,NA,NA,2001-06-27 14:39:00,1187
2001-04-09 09:00:00,DCNN,1646,24,1,DLY3208,251,1011,11,2.5,-0.5,NA,6,6,6,6,NA,NA,NA,NA,2001-06-27 14:39:00,1187
2001-04-10 09:00:00,DCNN,1646,24,1,DLY3208,251,1011,11,5.5,0,NA,6,6,6,6,NA,NA,NA,NA,2001-06-27 14:39:00,1187
2001-04-11 09:00:00,DCNN,1646,24,1,DLY3208,251,1011,11.9,4.6,3.9,NA,6,6,6,6,NA,NA,NA,NA,2001-06-27 14:39:00,1187
2001-04-12 09:00:00,DCNN,1646,24,1,DLY3208,251,1022,11.1,3,NA,NA,6,6,2006,6,NA,NA,NA,NA,2001-07-05 11:59:00,0
2001-04-13 09:00:00,DCNN,1646,24,1,DLY3208,251,1025,7,-1.1,NA,NA,6,6,6,6,NA,NA,NA,NA,2001-07-05 11:58:00,4773
2001-04-14 09:00:00,DCNN,1646,24,1,DLY3208,251,1025,9.5,5,NA,NA,6,6,2006,6,NA,NA,NA,NA,2001-07-05 12:00:00,4771
2001-04-15 09:00:00,DCNN,1646,24,1,DLY3208,251,1011,13.6,5.5,3.9,NA,6,6,6,6,NA,NA,NA,NA,2001-06-27 14:39:00,1187
2001-04-16 09:00:00,DCNN,1646,24,1,DLY3208,251,1011,10,2.5,NA,NA,6,6,6,6,NA,NA,NA,NA,2001-07-05 13:40:00,4671
2001-04-17 09:00:00,DCNN,1646,24,1,DLY3208,251,1011,10.5,1,NA,NA,6,6,6,6,NA,NA,NA,NA,2001-07-05 13:40:00,4671
2001-04-18 09:00:00,DCNN,1646,24,1,DLY3208,251,1011,11,0,NA,NA,6,6,6,6,NA,NA,NA,NA,2001-07-05 13:40:00,4671
2001-04-19 09:00:00,DCNN,1646,24,1,DLY3208,251,1011,7.3,2.2,0.6,NA,6,6,6,6,NA,NA,NA,NA,2001-06-27 14:39:00,1187
2001-04-20 09:00:00,DCNN,1646,24,1,DLY3208,251,1022,10.2,1.3,NA,NA,6,6,2006,6,NA,NA,NA,NA,2001-07-05 12:00:00,0
2001-04-21 09:00:00,DCNN,1646,24,1,DLY3208,251,1011,9.3,3.5,-6,NA,6,6,6,6,NA,NA,NA,NA,2001-06-27 14:39:00,1187
2001-04-22 09:00:00,DCNN,1646,24,1,DLY3208,251,1022,10.2,4.5,2,NA,6,2006,6,6,NA,NA,NA,NA,2001-07-05 11:59:00,0
2001-04-23 09:00:00,DCNN,1646,24,1,DLY3208,251,1022,6.5,3.4,2.6,NA,2006,6,6,6,NA,NA,NA,NA,2001-07-05 11:59:00,0
2001-04-24 09:00:00,DCNN,1646,24,1,DLY3208,251,1011,8.4,1.5,-1.6,NA,6,6,6,6,NA,NA,NA,NA,2001-06-27 14:39:00,1187
2001-04-25 09:00:00,DCNN,1646,24,1,DLY3208,251,1011,12.9,4.5,4.4,NA,6,6,6,6,NA,NA,NA,NA,2001-06-27 14:39:00,1187
2001-04-26 09:00:00,DCNN,1646,24,1,DLY3208,251,1011,6.6,4.9,5.1,NA,6,6,6,6,NA,NA,NA,NA,2001-06-27 14:39:00,1187
2001-04-27 09:00:00,DCNN,1646,24,1,DLY3208,251,1011,10.9,4,1.5,NA,6,6,6,6,NA,NA,NA,NA,2001-06-27 14:39:00,1187
2001-04-28 09:00:00,DCNN,1646,24,1,DLY3208,251,1022,12.2,3.8,NA,NA,6,6,2006,6,NA,NA,NA,NA,2001-07-05 12:00:00,0
2001-04-29 09:00:00,DCNN,1646,24,1,DLY3208,251,1022,11,2.1,1,NA,2006,6,6,6,NA,NA,NA,NA,2001-07-05 11:59:00,0
2001-04-30 09:00:00,DCNN,1646,24,1,DLY3208,251,1022,9,4.9,4.4,NA,2006,6,6,6,NA,NA,NA,NA,2001-07-05 11:59:00,0
2001-05-01 09:00:00,DCNN,1646,24,1,DLY3208,251,1011,12.5,3.5,0.5,NA,6,6,6,6,NA,NA,NA,NA,2001-06-20 11:56:00,11430
2001-05-02 09:00:00,DCNN,1646,24,1,DLY3208,251,1011,16,6.1,3.9,NA,6,6,6,6,NA,NA,NA,NA,2001-06-20 11:56:00,50904
2001-05-03 09:00:00,DCNN,1646,24,1,DLY3208,251,1011,18,3.2,1,NA,6,6,6,6,NA,NA,NA,NA,2001-06-20 11:56:00,461
2001-05-04 09:00:00,DCNN,1646,24,1,DLY3208,251,1011,12.6,4,1.9,NA,6,6,6,6,NA,NA,NA,NA,2001-06-20 11:56:00,461
2001-05-05 09:00:00,DCNN,1646,24,1,DLY3208,251,1011,14,4.5,1.1,NA,6,6,6,6,NA,NA,NA,NA,2001-06-20 11:56:00,461
2001-05-06 09:00:00,DCNN,1646,24,1,DLY3208,251,1011,14,6.6,5.5,NA,6,6,6,6,NA,NA,NA,NA,2001-06-20 11:56:00,50904
2001-05-07 09:00:00,DCNN,1646,24,1,DLY3208,251,1025,13.5,-1,NA,NA,6,6,2006,6,NA,NA,NA,NA,2001-07-24 14:56:00,1764
2001-05-08 09:00:00,DCNN,1646,24,1,DLY3208,251,1011,14.9,5.5,1.9,NA,6,6,6,6,NA,NA,NA,NA,2001-06-20 11:56:00,461
2001-05-09 09:00:00,DCNN,1646,24,1,DLY3208,251,1011,13.4,4.6,1.1,NA,6,6,6,6,NA,NA,NA,NA,2001-06-20 11:56:00,461
2001-05-10 09:00:00,DCNN,1646,24,1,DLY3208,251,1011,10,6.5,5.9,NA,6,6,6,6,NA,NA,NA,NA,2001-06-20 11:56:00,461
2001-05-11 09:00:00,DCNN,1646,24,1,DLY3208,251,1011,12.6,5.4,6,NA,6,6,6,6,NA,NA,NA,NA,2001-06-20 11:56:00,461
2001-05-12 09:00:00,DCNN,1646,24,1,DLY3208,251,1011,13.3,6.2,5.9,NA,6,6,6,6,NA,NA,NA,NA,2001-06-20 11:56:00,461
2001-05-13 09:00:00,DCNN,1646,24,1,DLY3208,251,1011,20.2,8.1,3.4,NA,6,6,6,6,NA,NA,NA,NA,2001-06-20 11:56:00,461
2001-05-14 09:00:00,DCNN,1646,24,1,DLY3208,251,1011,16,7,7.4,NA,6,6,6,6,NA,NA,NA,NA,2001-06-20 11:56:00,461
2001-05-15 09:00:00,DCNN,1646,24,1,DLY3208,251,1011,10,6.6,6.7,NA,6,6,6,6,NA,NA,NA,NA,2001-06-20 11:56:00,461
2001-05-16 09:00:00,DCNN,1646,24,1,DLY3208,251,1022,9,6.6,6.9,NA,2006,6,6,6,NA,NA,NA,NA,2001-07-24 14:56:00,0
2001-05-17 09:00:00,DCNN,1646,24,1,DLY3208,251,1011,12.2,7.9,7,NA,6,6,6,6,NA,NA,NA,NA,2001-06-20 11:56:00,461
2001-05-18 09:00:00,DCNN,1646,24,1,DLY3208,251,1011,13.9,3.9,1.4,NA,6,6,6,6,NA,NA,NA,NA,2001-06-20 11:56:00,461
2001-05-19 09:00:00,DCNN,1646,24,1,DLY3208,251,1011,14.8,5.7,3.2,NA,6,6,6,6,NA,NA,NA,NA,2001-06-20 11:56:00,461
2001-05-20 09:00:00,DCNN,1646,24,1,DLY3208,251,1011,13.7,7.5,4.5,NA,6,6,6,6,NA,NA,NA,NA,2001-06-20 11:56:00,461
2001-05-21 09:00:00,DCNN,1646,24,1,DLY3208,251,1011,16,9.7,6.5,NA,6,6,6,6,NA,NA,NA,NA,2001-06-20 11:56:00,461
2001-05-22 09:00:00,DCNN,1646,24,1,DLY3208,251,1022,18.5,4.8,NA,NA,6,2006,2006,6,NA,NA,NA,NA,2001-07-24 14:57:00,0
2001-05-23 09:00:00,DCNN,1646,24,1,DLY3208,251,1022,21.6,10,NA,NA,6,2006,2006,6,NA,NA,NA,NA,2001-08-02 15:36:00,0
2001-05-24 09:00:00,DCNN,1646,24,1,DLY3208,251,1011,23,8.5,7.1,NA,6,6,6,6,NA,NA,NA,NA,2001-06-20 11:56:00,461
2001-05-25 09:00:00,DCNN,1646,24,1,DLY3208,251,1011,19.9,9,8.1,NA,6,6,6,6,NA,NA,NA,NA,2001-06-20 11:56:00,461
2001-05-26 09:00:00,DCNN,1646,24,1,DLY3208,251,1011,18.5,10.7,10.5,NA,6,6,6,6,NA,NA,NA,NA,2001-06-20 11:56:00,461
2001-05-27 09:00:00,DCNN,1646,24,1,DLY3208,251,1011,21.5,13,10.5,NA,6,6,6,6,NA,NA,NA,NA,2001-06-20 11:56:00,461
2001-05-28 09:00:00,DCNN,1646,24,1,DLY3208,251,1022,21,11.5,10,NA,2006,6,6,6,NA,NA,NA,NA,2001-07-24 14:57:00,0
2001-05-29 09:00:00,DCNN,1646,24,1,DLY3208,251,1011,19.7,10.4,9.1,NA,6,6,6,6,NA,NA,NA,NA,2001-06-20 11:56:00,461
2001-05-30 09:00:00,DCNN,1646,24,1,DLY3208,251,1011,17.3,11.1,10,NA,6,6,6,6,NA,NA,NA,NA,2001-06-20 11:56:00,461
2001-05-31 09:00:00,DCNN,1646,24,1,DLY3208,251,1011,17.4,8.1,7.1,NA,6,6,6,6,NA,NA,NA,NA,2001-06-20 11:56:00,461
2001-06-01 09:00:00,DCNN,1646,24,1,DLY3208,251,1011,16.5,8.8,8.6,NA,6,6,6,6,NA,NA,NA,NA,2001-07-18 11:48:00,501
2001-06-02 09:00:00,DCNN,1646,24,1,DLY3208,251,1011,13,6.5,NA,NA,6,6,6,6,NA,NA,NA,NA,2001-08-23 11:21:00,4810
2001-06-03 09:00:00,DCNN,1646,24,1,DLY3208,251,1011,14,5,NA,NA,6,6,6,6,NA,NA,NA,NA,2001-07-18 11:48:00,501
2001-06-04 09:00:00,DCNN,1646,24,1,DLY3208,251,1025,15.5,8.5,NA,NA,6,6,2006,6,NA,NA,NA,NA,2001-08-23 11:19:00,4812
2001-06-05 09:00:00,DCNN,1646,24,1,DLY3208,251,1022,16,8.5,8.8,NA,6,2006,6,6,NA,NA,NA,NA,2001-08-23 11:19:00,0
2001-06-06 09:00:00,DCNN,1646,24,1,DLY3208,251,1011,15,8.2,8.5,NA,6,6,6,6,NA,NA,NA,NA,2001-07-18 11:48:00,501
2001-06-07 09:00:00,DCNN,1646,24,1,DLY3208,251,1011,13.9,5.4,4.6,NA,6,6,6,6,NA,NA,NA,NA,2001-07-18 11:48:00,501
2001-06-08 09:00:00,DCNN,1646,24,1,DLY3208,251,1011,12.4,4,2.9,NA,6,6,6,6,NA,NA,NA,NA,2001-07-18 11:48:00,501
2001-06-09 09:00:00,DCNN,1646,24,1,DLY3208,251,1011,14,6.5,5.5,NA,6,6,6,6,NA,NA,NA,NA,2001-07-18 11:48:00,501
2001-06-10 09:00:00,DCNN,1646,24,1,DLY3208,251,1011,13,4.1,1.5,NA,6,6,6,6,NA,NA,NA,NA,2001-07-18 11:48:00,56623
2001-06-11 09:00:00,DCNN,1646,24,1,DLY3208,251,1011,15.5,7.6,6.4,NA,6,6,6,6,NA,NA,NA,NA,2001-07-18 11:48:00,56623
2001-06-12 09:00:00,DCNN,1646,24,1,DLY3208,251,1011,15.5,7.9,8,NA,6,6,6,6,NA,NA,NA,NA,2001-07-18 11:48:00,56623
2001-06-13 09:00:00,DCNN,1646,24,1,DLY3208,251,1011,14,8.5,6.6,NA,6,6,6,6,NA,NA,NA,NA,2001-07-18 11:48:00,56623
2001-06-14 09:00:00,DCNN,1646,24,1,DLY3208,251,1011,18.6,8.5,9,NA,6,6,6,6,NA,NA,NA,NA,2001-07-18 11:48:00,501
2001-06-15 09:00:00,DCNN,1646,24,1,DLY3208,251,1011,11.6,8.3,8.3,NA,6,6,6,6,NA,NA,NA,NA,2001-07-18 11:48:00,501
2001-06-16 09:00:00,DCNN,1646,24,1,DLY3208,251,1011,11.3,7.4,7.6,NA,6,6,6,6,NA,NA,NA,NA,2001-07-18 11:48:00,501
2001-06-17 09:00:00,DCNN,1646,24,1,DLY3208,251,1011,10.5,7.8,7.3,NA,6,6,6,6,NA,NA,NA,NA,2001-07-18 11:48:00,501
2001-06-18 09:00:00,DCNN,1646,24,1,DLY3208,251,1011,12.5,7,5.1,NA,6,6,6,6,NA,NA,NA,NA,2001-07-18 11:48:00,501
2001-06-19 09:00:00,DCNN,1646,24,1,DLY3208,251,1011,14.7,11,10.5,NA,6,6,6,6,NA,NA,NA,NA,2001-07-18 11:48:00,501
2001-06-20 09:00:00,DCNN,1646,24,1,DLY3208,251,1011,19.1,11.5,10.5,NA,6,6,6,6,NA,NA,NA,NA,2001-07-18 11:48:00,501
2001-06-21 09:00:00,DCNN,1646,24,1,DLY3208,251,1011,15.9,8.1,7.1,NA,6,6,6,6,NA,NA,NA,NA,2001-07-18 11:48:00,501
2001-06-22 09:00:00,DCNN,1646,24,1,DLY3208,251,1011,18.3,9,7.5,NA,6,6,6,6,NA,NA,NA,NA,2001-07-18 11:48:00,501
2001-06-23 09:00:00,DCNN,1646,24,1,DLY3208,251,1011,18.2,8.5,6.8,NA,6,6,6,6,NA,NA,NA,NA,2001-07-18 11:48:00,501
2001-06-24 09:00:00,DCNN,1646,24,1,DLY3208,251,1022,18.1,6.9,NA,NA,6,2006,2006,6,NA,NA,NA,NA,2001-09-07 13:52:00,0
2001-06-25 09:00:00,DCNN,1646,24,1,DLY3208,251,1011,22,12.6,10,NA,6,6,6,6,NA,NA,NA,NA,2001-07-18 11:48:00,501
2001-06-26 09:00:00,DCNN,1646,24,1,DLY3208,251,1011,22.1,14.2,14.6,NA,6,6,6,6,NA,NA,NA,NA,2001-07-18 11:48:00,501
2001-06-27 09:00:00,DCNN,1646,24,1,DLY3208,251,1011,15.4,11.6,11,NA,6,6,6,6,NA,NA,NA,NA,2001-07-18 11:48:00,501
2001-06-28 09:00:00,DCNN,1646,24,1,DLY3208,251,1011,19.9,11.6,10.9,NA,6,6,6,6,NA,NA,NA,NA,2001-07-18 11:48:00,501
2001-06-29 09:00:00,DCNN,1646,24,1,DLY3208,251,1011,17.9,12.6,12.1,NA,6,6,6,6,NA,NA,NA,NA,2001-07-18 11:48:00,501
2001-06-30 09:00:00,DCNN,1646,24,1,DLY3208,251,1022,20,12.5,NA,NA,6,6,6,6,NA,NA,NA,NA,2001-08-23 11:22:00,4809
2001-07-01 09:00:00,DCNN,1646,24,1,DLY3208,251,1025,NA,12.1,11.7,NA,6,6,2006,6,NA,NA,NA,NA,2001-09-24 10:46:00,3404
2001-07-02 09:00:00,DCNN,1646,24,1,DLY3208,251,1022,21.7,17.1,16.7,NA,6,2006,6,6,NA,NA,NA,NA,2001-09-21 11:20:00,0
2001-07-03 09:00:00,DCNN,1646,24,1,DLY3208,251,1011,25,15.6,13.8,NA,6,6,6,6,NA,NA,NA,NA,2001-09-19 13:28:00,580
2001-07-04 09:00:00,DCNN,1646,24,1,DLY3208,251,1022,24.9,14.1,13.4,NA,2006,6,6,6,NA,NA,NA,NA,2001-09-24 09:14:00,0
2001-07-05 09:00:00,DCNN,1646,24,1,DLY3208,251,1011,18.9,11.6,12.5,NA,6,6,6,6,NA,NA,NA,NA,2001-09-19 13:28:00,580
2001-07-06 09:00:00,DCNN,1646,24,1,DLY3208,251,1011,18.4,11.1,11.6,NA,6,6,6,6,NA,NA,NA,NA,2001-09-19 13:28:00,580
2001-07-07 09:00:00,DCNN,1646,24,1,DLY3208,251,1011,14.1,11.8,12.6,NA,6,6,6,6,NA,NA,NA,NA,2001-09-19 13:28:00,580
2001-07-08 09:00:00,DCNN,1646,24,1,DLY3208,251,1011,17,13.5,14.5,NA,6,6,6,6,NA,NA,NA,NA,2001-09-19 13:28:00,580
2001-07-09 09:00:00,DCNN,1646,24,1,DLY3208,251,1011,19.5,10.8,9.9,NA,6,6,6,6,NA,NA,NA,NA,2001-09-19 13:28:00,10442
2001-07-10 09:00:00,DCNN,1646,24,1,DLY3208,251,1011,17.6,10.8,9.5,NA,6,6,6,6,NA,NA,NA,NA,2001-09-19 13:28:00,580
2001-07-11 09:00:00,DCNN,1646,24,1,DLY3208,251,1011,17.1,8.8,6.5,NA,6,6,6,6,NA,NA,NA,NA,2001-09-19 13:28:00,580
2001-07-12 09:00:00,DCNN,1646,24,1,DLY3208,251,1011,16.1,9.1,9,NA,6,6,6,6,NA,NA,NA,NA,2001-09-19 13:28:00,580
2001-07-13 09:00:00,DCNN,1646,24,1,DLY3208,251,1011,14.4,8.9,9.5,NA,6,6,6,6,NA,NA,NA,NA,2001-09-19 13:28:00,580
2001-07-14 09:00:00,DCNN,1646,24,1,DLY3208,251,1011,10.1,9,8.5,NA,6,6,6,6,NA,NA,NA,NA,2001-09-19 13:28:00,580
2001-07-15 09:00:00,DCNN,1646,24,1,DLY3208,251,1022,12.5,8.5,8,NA,2006,6,6,6,NA,NA,NA,NA,2001-09-24 10:43:00,0
2001-07-16 09:00:00,DCNN,1646,24,1,DLY3208,251,1011,15.5,8.6,6.4,NA,6,6,6,6,NA,NA,NA,NA,2001-09-19 13:28:00,10442
2001-07-17 09:00:00,DCNN,1646,24,1,DLY3208,251,1011,16.2,7.8,6.3,NA,6,6,6,6,NA,NA,NA,NA,2001-09-19 13:28:00,580
2001-07-18 09:00:00,DCNN,1646,24,1,DLY3208,251,1011,15.7,10.2,9.9,NA,6,6,6,6,NA,NA,NA,NA,2001-09-19 13:28:00,580
2001-07-19 09:00:00,DCNN,1646,24,1,DLY3208,251,1011,15.6,9.4,8,NA,6,6,6,6,NA,NA,NA,NA,2001-09-19 13:28:00,580
2001-07-20 09:00:00,DCNN,1646,24,1,DLY3208,251,1011,16.1,9,7.3,NA,6,6,6,6,NA,NA,NA,NA,2001-09-19 13:28:00,580
2001-07-21 09:00:00,DCNN,1646,24,1,DLY3208,251,1011,15,10,10,NA,6,6,6,6,NA,NA,NA,NA,2001-09-19 13:28:00,580
2001-07-22 09:00:00,DCNN,1646,24,1,DLY3208,251,1011,16.9,10,10.2,NA,6,6,6,6,NA,NA,NA,NA,2001-09-19 13:28:00,580
2001-07-23 09:00:00,DCNN,1646,24,1,DLY3208,251,1011,18.7,11.4,8.1,NA,6,6,6,6,NA,NA,NA,NA,2001-09-19 13:28:00,580
2001-07-24 09:00:00,DCNN,1646,24,1,DLY3208,251,1011,19.7,11,11,NA,6,6,6,6,NA,NA,NA,NA,2001-09-19 13:28:00,580
2001-07-25 09:00:00,DCNN,1646,24,1,DLY3208,251,1011,19.2,10.1,8.1,NA,6,6,6,6,NA,NA,NA,NA,2001-09-19 13:28:00,580
2001-07-26 09:00:00,DCNN,1646,24,1,DLY3208,251,1011,18,13.4,10.4,NA,6,6,6,6,NA,NA,NA,NA,2001-09-19 13:28:00,580
2001-07-27 09:00:00,DCNN,1646,24,1,DLY3208,251,1011,20.4,14.5,13.9,NA,6,6,6,6,NA,NA,NA,NA,2001-09-19 13:28:00,580
2001-07-28 09:00:00,DCNN,1646,24,1,DLY3208,251,1011,22,11,NA,NA,6,6,6,6,NA,NA,NA,NA,2001-09-24 10:44:00,3406
2001-07-29 09:00:00,DCNN,1646,24,1,DLY3208,251,1011,21,16,NA,NA,6,6,6,6,NA,NA,NA,NA,2001-09-24 10:44:00,3406
2001-07-30 09:00:00,DCNN,1646,24,1,DLY3208,251,1011,20,10,NA,NA,6,6,6,6,NA,NA,NA,NA,2001-09-24 10:44:00,3406
2001-07-31 09:00:00,DCNN,1646,24,1,DLY3208,251,1011,18.8,9.7,8.7,NA,6,6,6,6,NA,NA,NA,NA,2001-09-19 13:28:00,580
2001-08-01 09:00:00,DCNN,1646,24,1,DLY3208,251,1011,19,10.3,8.4,NA,6,6,6,6,NA,NA,NA,NA,2001-09-12 11:36:00,10772
2001-08-02 09:00:00,DCNN,1646,24,1,DLY3208,251,1022,19.6,10.3,NA,NA,6,6,2006,6,NA,NA,NA,NA,2001-09-18 10:17:00,0
2001-08-03 09:00:00,DCNN,1646,24,1,DLY3208,251,1011,18.5,11.4,10.9,NA,6,6,6,6,NA,NA,NA,NA,2001-09-12 11:36:00,1184
2001-08-04 09:00:00,DCNN,1646,24,1,DLY3208,251,1022,20.5,10,NA,NA,6,6,2006,6,NA,NA,NA,NA,2001-10-12 15:38:00,0
2001-08-05 09:00:00,DCNN,1646,24,1,DLY3208,251,1011,20.4,9.3,7.8,NA,6,6,6,6,NA,NA,NA,NA,2001-09-12 11:36:00,1184
2001-08-06 09:00:00,DCNN,1646,24,1,DLY3208,251,1011,17.7,8.4,6,NA,6,6,6,6,NA,NA,NA,NA,2001-09-12 11:36:00,1184
2001-08-07 09:00:00,DCNN,1646,24,1,DLY3208,251,1011,18.3,11.4,11,NA,6,6,6,6,NA,NA,NA,NA,2001-09-12 11:36:00,1184
2001-08-08 09:00:00,DCNN,1646,24,1,DLY3208,251,1011,13.8,10.2,10.3,NA,6,6,6,6,NA,NA,NA,NA,2001-09-12 11:36:00,1184
2001-08-09 09:00:00,DCNN,1646,24,1,DLY3208,251,1011,14.5,8.6,7.8,NA,6,6,6,6,NA,NA,NA,NA,2001-09-12 11:36:00,1184
2001-08-10 09:00:00,DCNN,1646,24,1,DLY3208,251,1011,17,8,6.9,NA,6,6,6,6,NA,NA,NA,NA,2001-09-12 11:36:00,1184
2001-08-11 09:00:00,DCNN,1646,24,1,DLY3208,251,1022,18.2,10.7,NA,NA,6,6,2006,6,NA,NA,NA,NA,2001-09-18 10:17:00,0
2001-08-12 09:00:00,DCNN,1646,24,1,DLY3208,251,1022,19.5,13.7,NA,NA,6,6,2006,6,NA,NA,NA,NA,2001-09-18 10:17:00,0
2001-08-13 09:00:00,DCNN,1646,24,1,DLY3208,251,1011,19.5,14.5,13.4,NA,6,6,6,6,NA,NA,NA,NA,2001-09-12 11:36:00,1184
2001-08-14 09:00:00,DCNN,1646,24,1,DLY3208,251,1011,20.2,17,16.5,NA,6,6,6,6,NA,NA,NA,NA,2001-09-12 11:36:00,1184
2001-08-15 09:00:00,DCNN,1646,24,1,DLY3208,251,1011,21.6,15,11.5,NA,6,6,6,6,NA,NA,NA,NA,2001-09-12 11:36:00,1184
2001-08-16 09:00:00,DCNN,1646,24,1,DLY3208,251,1011,20.3,12,10.6,NA,6,6,6,6,NA,NA,NA,NA,2001-09-12 11:36:00,1184
2001-08-17 09:00:00,DCNN,1646,24,1,DLY3208,251,1011,18.9,11.5,9.8,NA,6,6,6,6,NA,NA,NA,NA,2001-09-12 11:36:00,1184
2001-08-18 09:00:00,DCNN,1646,24,1,DLY3208,251,1011,18.5,12.5,11,NA,6,6,6,6,NA,NA,NA,NA,2001-09-12 11:36:00,1184
2001-08-19 09:00:00,DCNN,1646,24,1,DLY3208,251,1022,18.5,12.5,NA,NA,2006,6,2006,6,NA,NA,NA,NA,2001-10-12 15:39:00,0
2001-08-20 09:00:00,DCNN,1646,24,1,DLY3208,251,1022,18,11.1,NA,NA,2006,6,2006,6,NA,NA,NA,NA,2001-10-12 15:39:00,0
2001-08-21 09:00:00,DCNN,1646,24,1,DLY3208,251,1011,18.1,12.1,11.5,NA,6,6,6,6,NA,NA,NA,NA,2001-09-12 11:36:00,1184
2001-08-22 09:00:00,DCNN,1646,24,1,DLY3208,251,1022,19.6,10.9,NA,NA,6,6,2006,6,NA,NA,NA,NA,2001-09-18 10:18:00,0
2001-08-23 09:00:00,DCNN,1646,24,1,DLY3208,251,1022,20.8,10.6,NA,NA,6,6,2006,6,NA,NA,NA,NA,2001-09-18 10:18:00,0
2001-08-24 09:00:00,DCNN,1646,24,1,DLY3208,251,1022,20.6,10.5,NA,NA,6,6,2006,6,NA,NA,NA,NA,2001-09-18 10:18:00,0
2001-08-25 09:00:00,DCNN,1646,24,1,DLY3208,251,1011,19.2,12,11,NA,6,6,6,6,NA,NA,NA,NA,2001-09-12 11:36:00,1184
2001-08-26 09:00:00,DCNN,1646,24,1,DLY3208,251,1022,19.5,10.5,NA,NA,6,6,2006,6,NA,NA,NA,NA,2001-09-18 10:18:00,0
2001-08-27 09:00:00,DCNN,1646,24,1,DLY3208,251,1011,19,9.2,7.9,NA,6,6,6,6,NA,NA,NA,NA,2001-09-12 11:36:00,46555
2001-08-28 09:00:00,DCNN,1646,24,1,DLY3208,251,1022,19.4,9,NA,NA,6,6,2006,6,NA,NA,NA,NA,2001-09-18 10:18:00,0
2001-08-29 09:00:00,DCNN,1646,24,1,DLY3208,251,1022,19,5.5,NA,NA,6,2006,2006,6,NA,NA,NA,NA,2001-10-12 15:39:00,0
2001-08-30 09:00:00,DCNN,1646,24,1,DLY3208,251,1022,19.2,12.3,NA,NA,6,6,2006,6,NA,NA,NA,NA,2001-09-18 10:18:00,0
2001-08-31 09:00:00,DCNN,1646,24,1,DLY3208,251,1022,19,11.2,NA,NA,6,6,2006,6,NA,NA,NA,NA,2001-09-18 10:18:00,0
2001-09-01 09:00:00,DCNN,1646,24,1,DLY3208,251,1022,18.4,10,NA,NA,6,6,2006,6,NA,NA,NA,NA,2001-11-14 09:53:00,0
2001-09-02 09:00:00,DCNN,1646,24,1,DLY3208,251,1011,19.5,9.4,10.5,NA,6,6,6,6,NA,NA,NA,NA,2001-10-24 11:47:00,586
2001-09-03 09:00:00,DCNN,1646,24,1,DLY3208,251,1011,16.4,10.4,9,NA,6,6,6,6,NA,NA,NA,NA,2001-10-24 11:47:00,586
2001-09-04 09:00:00,DCNN,1646,24,1,DLY3208,251,1011,17.9,7.8,5.4,NA,6,6,6,6,NA,NA,NA,NA,2001-10-24 11:47:00,586
2001-09-05 09:00:00,DCNN,1646,24,1,DLY3208,251,1011,17.1,9,6.6,NA,6,6,6,6,NA,NA,NA,NA,2001-10-24 11:47:00,586
2001-09-06 09:00:00,DCNN,1646,24,1,DLY3208,251,1011,19.5,9,7.1,NA,6,6,6,6,NA,NA,NA,NA,2001-10-24 11:47:00,586
2001-09-07 09:00:00,DCNN,1646,24,1,DLY3208,251,1011,16.6,11.1,10.4,NA,6,6,6,6,NA,NA,NA,NA,2001-10-24 11:47:00,586
2001-09-08 09:00:00,DCNN,1646,24,1,DLY3208,251,1011,15.9,6.8,4.4,NA,6,6,6,6,NA,NA,NA,NA,2001-10-24 11:47:00,586
2001-09-09 09:00:00,DCNN,1646,24,1,DLY3208,251,1011,16.8,8.1,5.9,NA,6,6,6,6,NA,NA,NA,NA,2001-10-24 11:47:00,586
2001-09-10 09:00:00,DCNN,1646,24,1,DLY3208,251,1011,15.6,7,3.2,NA,6,6,6,6,NA,NA,NA,NA,2001-10-24 11:47:00,586
2001-09-11 09:00:00,DCNN,1646,24,1,DLY3208,251,1022,14.2,10.6,NA,NA,6,6,2006,6,NA,NA,NA,NA,2001-11-14 09:55:00,0
2001-09-12 09:00:00,DCNN,1646,24,1,DLY3208,251,1011,19.1,12.2,10,NA,6,6,6,6,NA,NA,NA,NA,2001-10-24 11:47:00,586
2001-09-13 09:00:00,DCNN,1646,24,1,DLY3208,251,1011,15.4,9.1,7.5,NA,6,6,6,6,NA,NA,NA,NA,2001-10-24 11:47:00,586
2001-09-14 09:00:00,DCNN,1646,24,1,DLY3208,251,1011,12.2,6.6,3.5,NA,6,6,6,6,NA,NA,NA,NA,2001-10-24 11:47:00,586
2001-09-15 09:00:00,DCNN,1646,24,1,DLY3208,251,1011,15.9,8,5.9,NA,6,6,6,6,NA,NA,NA,NA,2001-10-24 11:47:00,586
2001-09-16 09:00:00,DCNN,1646,24,1,DLY3208,251,1011,15.8,7,4.4,NA,6,6,6,6,NA,NA,NA,NA,2001-10-24 11:47:00,586
2001-09-17 09:00:00,DCNN,1646,24,1,DLY3208,251,1011,16,5.2,1.9,NA,6,6,6,6,NA,NA,NA,NA,2001-10-24 11:47:00,30709
2001-09-18 09:00:00,DCNN,1646,24,1,DLY3208,251,1011,13.9,8.4,7.5,NA,6,6,6,6,NA,NA,NA,NA,2001-10-24 11:47:00,586
2001-09-19 09:00:00,DCNN,1646,24,1,DLY3208,251,1011,12.2,7.6,6.1,NA,6,6,6,6,NA,NA,NA,NA,2001-10-24 11:47:00,586
2001-09-20 09:00:00,DCNN,1646,24,1,DLY3208,251,1011,15.7,9.5,8.9,NA,6,6,6,6,NA,NA,NA,NA,2001-10-24 11:47:00,586
2001-09-21 09:00:00,DCNN,1646,24,1,DLY3208,251,1011,13,9.9,10,NA,6,6,6,6,NA,NA,NA,NA,2001-10-24 11:47:00,586
2001-09-22 09:00:00,DCNN,1646,24,1,DLY3208,251,1011,12.2,9.7,8.6,NA,6,6,6,6,NA,NA,NA,NA,2001-10-24 11:47:00,586
2001-09-23 09:00:00,DCNN,1646,24,1,DLY3208,251,1011,13.2,8.8,4.7,NA,6,6,6,6,NA,NA,NA,NA,2001-10-24 11:47:00,586
2001-09-24 09:00:00,DCNN,1646,24,1,DLY3208,251,1011,11.9,9.6,9.6,NA,6,6,6,6,NA,NA,NA,NA,2001-10-24 11:47:00,586
2001-09-25 09:00:00,DCNN,1646,24,1,DLY3208,251,1011,13.1,9.6,8.5,NA,6,6,6,6,NA,NA,NA,NA,2001-10-24 11:47:00,586
2001-09-26 09:00:00,DCNN,1646,24,1,DLY3208,251,1011,12.1,9.2,9,NA,6,6,6,6,NA,NA,NA,NA,2001-10-24 11:47:00,586
2001-09-27 09:00:00,DCNN,1646,24,1,DLY3208,251,1011,11.8,9.4,9,NA,6,6,6,6,NA,NA,NA,NA,2001-10-24 11:47:00,586
2001-09-28 09:00:00,DCNN,1646,24,1,DLY3208,251,1011,14.3,11.1,10.9,NA,6,6,6,6,NA,NA,NA,NA,2001-10-24 11:47:00,586
2001-09-29 09:00:00,DCNN,1646,24,1,DLY3208,251,1011,16.7,12.5,11.4,NA,6,6,6,6,NA,NA,NA,NA,2001-10-24 11:47:00,586
2001-09-30 09:00:00,DCNN,1646,24,1,DLY3208,251,1011,19,11.5,8.5,NA,6,6,6,6,NA,NA,NA,NA,2001-10-24 11:47:00,586
2001-10-01 09:00:00,DCNN,1646,24,1,DLY3208,251,1011,18.8,11.2,8.8,NA,6,6,6,6,NA,NA,NA,NA,2002-01-07 14:03:00,3342
2001-10-02 09:00:00,DCNN,1646,24,1,DLY3208,251,1011,16,11.8,9.9,NA,6,6,6,6,NA,NA,NA,NA,2002-01-07 14:03:00,3342
2001-10-03 09:00:00,DCNN,1646,24,1,DLY3208,251,1011,15.6,10.6,8.9,NA,6,6,6,6,NA,NA,NA,NA,2002-01-07 14:03:00,3342
2001-10-04 09:00:00,DCNN,1646,24,1,DLY3208,251,1011,15,9.5,7.3,NA,6,6,6,6,NA,NA,NA,NA,2002-01-07 14:03:00,3342
2001-10-05 09:00:00,DCNN,1646,24,1,DLY3208,251,1011,16.9,11.1,9.3,NA,6,6,6,6,NA,NA,NA,NA,2002-01-07 14:03:00,3342
2001-10-06 09:00:00,DCNN,1646,24,1,DLY3208,251,1011,18.5,10.1,7.3,NA,6,6,6,6,NA,NA,NA,NA,2002-01-07 14:03:00,3342
2001-10-07 09:00:00,DCNN,1646,24,1,DLY3208,251,1011,18,9.9,7.4,NA,6,6,6,6,NA,NA,NA,NA,2002-01-07 14:03:00,3342
2001-10-08 09:00:00,DCNN,1646,24,1,DLY3208,251,1011,NA,9.9,NA,NA,6,6,6,6,NA,NA,NA,NA,2002-01-07 14:03:00,3342
2001-10-09 09:00:00,DCNN,1646,24,1,DLY3208,251,1011,13.5,9.4,8.9,NA,6,6,6,6,NA,NA,NA,NA,2002-01-07 14:03:00,3343
2001-10-10 09:00:00,DCNN,1646,24,1,DLY3208,251,1011,16.2,10.4,8.8,NA,6,6,6,6,NA,NA,NA,NA,2002-01-07 14:03:00,3343
2001-10-11 09:00:00,DCNN,1646,24,1,DLY3208,251,1011,16,10,7.6,NA,6,6,6,6,NA,NA,NA,NA,2002-01-07 14:03:00,3343
2001-10-12 09:00:00,DCNN,1646,24,1,DLY3208,251,1011,18.4,14.8,12.9,NA,6,6,6,6,NA,NA,NA,NA,2002-01-07 14:03:00,3343
2001-10-13 09:00:00,DCNN,1646,24,1,DLY3208,251,1011,16.8,10.6,7.5,NA,6,6,6,6,NA,NA,NA,NA,2002-01-07 14:03:00,3343
2001-10-14 09:00:00,DCNN,1646,24,1,DLY3208,251,1011,16.9,10,8.9,NA,6,6,6,6,NA,NA,NA,NA,2002-01-07 14:03:00,3343
2001-10-15 09:00:00,DCNN,1646,24,1,DLY3208,251,1011,NA,11,9.4,NA,6,6,6,6,NA,NA,NA,NA,2002-01-07 14:03:00,3343
2001-10-16 09:00:00,DCNN,1646,24,1,DLY3208,251,1011,17.4,5.9,2.7,NA,6,6,6,6,NA,NA,NA,NA,2002-01-07 14:03:00,3343
2001-10-17 09:00:00,DCNN,1646,24,1,DLY3208,251,1011,15.7,10.1,7.6,NA,6,6,6,6,NA,NA,NA,NA,2002-01-07 14:03:00,3343
2001-10-18 09:00:00,DCNN,1646,24,1,DLY3208,251,1011,16.4,11.2,10.4,NA,6,6,6,6,NA,NA,NA,NA,2002-01-07 14:03:00,3343
2001-10-19 09:00:00,DCNN,1646,24,1,DLY3208,251,1011,14.8,8.3,5.4,NA,6,6,6,6,NA,NA,NA,NA,2002-01-07 14:03:00,3343
2001-10-20 09:00:00,DCNN,1646,24,1,DLY3208,251,1011,14.9,8.4,6.8,NA,6,6,6,6,NA,NA,NA,NA,2002-01-07 14:03:00,3343
2001-10-21 09:00:00,DCNN,1646,24,1,DLY3208,251,1011,14.8,9.1,7.6,NA,6,6,6,6,NA,NA,NA,NA,2002-01-07 14:03:00,3343
2001-10-22 09:00:00,DCNN,1646,24,1,DLY3208,251,1011,15,10,9.7,NA,6,6,6,6,NA,NA,NA,NA,2002-01-07 14:03:00,3343
2001-10-23 09:00:00,DCNN,1646,24,1,DLY3208,251,1011,11.6,8.8,7.2,NA,6,6,6,6,NA,NA,NA,NA,2002-01-07 14:03:00,3343
2001-10-24 09:00:00,DCNN,1646,24,1,DLY3208,251,1011,12.8,10.2,6.6,NA,6,6,6,6,NA,NA,NA,NA,2002-01-07 14:03:00,3343
2001-10-25 09:00:00,DCNN,1646,24,1,DLY3208,251,1011,15.5,10.5,7.9,NA,6,6,6,6,NA,NA,NA,NA,2002-01-07 14:03:00,3343
2001-10-26 09:00:00,DCNN,1646,24,1,DLY3208,251,1011,15.5,10,8.5,NA,6,6,6,6,NA,NA,NA,NA,2002-01-07 14:03:00,3343
2001-10-30 09:00:00,DCNN,1646,24,1,DLY3208,251,1011,14.5,6,NA,NA,6,6,6,6,NA,NA,NA,NA,2002-01-07 14:03:00,3343
2001-11-01 09:00:00,DCNN,1646,24,1,DLY3208,251,1011,NA,5,3.3,NA,6,6,6,6,NA,NA,NA,NA,2002-01-07 13:59:00,29137
2001-11-02 09:00:00,DCNN,1646,24,1,DLY3208,251,1011,11.9,9.1,8.5,NA,6,6,6,6,NA,NA,NA,NA,2002-01-07 13:59:00,3347
2001-11-03 09:00:00,DCNN,1646,24,1,DLY3208,251,1011,13.5,8.3,7.2,NA,6,6,6,6,NA,NA,NA,NA,2002-01-07 13:59:00,3347
2001-11-04 09:00:00,DCNN,1646,24,1,DLY3208,251,1011,12.4,7.5,5.4,NA,6,6,6,6,NA,NA,NA,NA,2002-01-07 13:59:00,3347
2001-11-05 09:00:00,DCNN,1646,24,1,DLY3208,251,1011,12,2.8,-0.2,NA,6,6,6,6,NA,NA,NA,NA,2002-01-07 13:59:00,3350
2001-11-06 09:00:00,DCNN,1646,24,1,DLY3208,251,1011,11.9,6,4.6,NA,6,6,6,6,NA,NA,NA,NA,2002-01-07 13:59:00,29137
2001-11-07 09:00:00,DCNN,1646,24,1,DLY3208,251,1011,10.9,4.6,2.5,NA,6,6,6,6,NA,NA,NA,NA,2002-01-07 13:59:00,3350
2001-11-08 09:00:00,DCNN,1646,24,1,DLY3208,251,1022,8,0.6,-0.8,NA,2006,6,6,6,NA,NA,NA,NA,2002-01-25 10:40:00,0
2001-11-09 09:00:00,DCNN,1646,24,1,DLY3208,251,1011,3,-0.5,-3.6,NA,6,6,6,6,NA,NA,NA,NA,2002-01-07 13:59:00,3350
2001-11-10 09:00:00,DCNN,1646,24,1,DLY3208,251,1011,10.7,2.4,-1.2,NA,6,6,6,6,NA,NA,NA,NA,2002-01-07 13:59:00,3350
2001-11-11 09:00:00,DCNN,1646,24,1,DLY3208,251,1022,13.1,10,8.2,NA,6,2006,6,6,NA,NA,NA,NA,2002-01-25 10:40:00,0
2001-11-12 09:00:00,DCNN,1646,24,1,DLY3208,251,1011,13.8,6.5,6.1,NA,6,6,6,6,NA,NA,NA,NA,2002-01-07 13:59:00,3350
2001-11-13 09:00:00,DCNN,1646,24,1,DLY3208,251,1011,7.2,0,-3.3,NA,6,6,6,6,NA,NA,NA,NA,2002-01-07 13:59:00,3350
2001-11-14 09:00:00,DCNN,1646,24,1,DLY3208,251,1011,5.6,2,0.4,NA,6,6,6,6,NA,NA,NA,NA,2002-01-07 13:59:00,3350
2001-11-15 09:00:00,DCNN,1646,24,1,DLY3208,251,1011,10.6,2,1.1,NA,6,6,6,6,NA,NA,NA,NA,2002-01-07 13:59:00,3350
2001-11-16 09:00:00,DCNN,1646,24,1,DLY3208,251,1011,12.9,7.6,5.5,NA,6,6,6,6,NA,NA,NA,NA,2002-01-07 13:59:00,3351
2001-11-17 09:00:00,DCNN,1646,24,1,DLY3208,251,1011,9.8,7.5,6.8,NA,6,6,6,6,NA,NA,NA,NA,2002-01-07 13:59:00,3351
2001-11-18 09:00:00,DCNN,1646,24,1,DLY3208,251,1011,9.2,7.3,5.9,NA,6,6,6,6,NA,NA,NA,NA,2002-01-07 13:59:00,3351
2001-11-19 09:00:00,DCNN,1646,24,1,DLY3208,251,1011,9.8,5,NA,NA,6,6,6,6,NA,NA,NA,NA,2002-01-07 13:59:00,3351
2001-11-20 09:00:00,DCNN,1646,24,1,DLY3208,251,1011,8.9,6.2,3.5,NA,6,6,6,6,NA,NA,NA,NA,2002-01-07 13:59:00,3351
2001-11-21 09:00:00,DCNN,1646,24,1,DLY3208,251,1011,11.1,8.4,6.6,NA,6,6,6,6,NA,NA,NA,NA,2002-01-07 13:59:00,3351
2001-11-22 09:00:00,DCNN,1646,24,1,DLY3208,251,1011,12,3.6,0,NA,6,6,6,6,NA,NA,NA,NA,2002-01-07 13:59:00,3351
2001-11-23 09:00:00,DCNN,1646,24,1,DLY3208,251,1022,7,-1.1,-4.6,NA,2006,6,6,6,NA,NA,NA,NA,2002-01-25 10:40:00,0
2001-11-24 09:00:00,DCNN,1646,24,1,DLY3208,251,1011,13.8,1.5,1.5,NA,6,6,6,6,NA,NA,NA,NA,2002-01-07 13:59:00,3351
2001-11-25 09:00:00,DCNN,1646,24,1,DLY3208,251,1022,13.9,8.5,NA,NA,6,2006,2006,6,NA,NA,NA,NA,2002-01-25 10:41:00,0
2001-11-26 09:00:00,DCNN,1646,24,1,DLY3208,251,1022,9,2,-2.4,NA,2006,6,6,6,NA,NA,NA,NA,2002-01-25 10:41:00,0
2001-11-27 09:00:00,DCNN,1646,24,1,DLY3208,251,1011,7.6,3.5,1.3,NA,6,6,6,6,NA,NA,NA,NA,2002-01-07 13:59:00,3351
2001-11-28 09:00:00,DCNN,1646,24,1,DLY3208,251,1011,5.9,1.9,0.5,NA,6,6,6,6,NA,NA,NA,NA,2002-01-07 13:59:00,3351
2001-11-29 09:00:00,DCNN,1646,24,1,DLY3208,251,1011,11.6,4.8,4.3,NA,6,6,6,6,NA,NA,NA,NA,2002-01-07 13:59:00,3351
2001-11-30 09:00:00,DCNN,1646,24,1,DLY3208,251,1022,13,6.5,6,NA,6,2006,6,6,NA,NA,NA,NA,2002-01-25 10:41:00,0
2001-12-01 09:00:00,DCNN,1646,24,1,DLY3208,251,1011,14,4.5,NA,NA,6,6,6,6,NA,NA,NA,NA,2002-03-18 09:59:00,53856
2001-12-02 09:00:00,DCNN,1646,24,1,DLY3208,251,1011,7,0,NA,NA,6,6,6,6,NA,NA,NA,NA,2002-04-24 15:46:00,229
2001-12-03 09:00:00,DCNN,1646,24,1,DLY3208,251,1011,6,2.5,NA,NA,6,6,6,6,NA,NA,NA,NA,2002-04-24 15:47:00,228
2001-12-04 09:00:00,DCNN,1646,24,1,DLY3208,251,1011,9.4,4.2,2.6,NA,6,6,6,6,NA,NA,NA,NA,2002-03-18 09:59:00,3645
2001-12-05 09:00:00,DCNN,1646,24,1,DLY3208,251,1011,7.1,2.5,-1,NA,6,6,6,6,NA,NA,NA,NA,2002-03-18 09:59:00,3645
2001-12-06 09:00:00,DCNN,1646,24,1,DLY3208,251,1011,5.1,0.9,-1.6,NA,6,6,6,6,NA,NA,NA,NA,2002-03-18 09:59:00,3645
2001-12-07 09:00:00,DCNN,1646,24,1,DLY3208,251,1011,10.6,2.6,0.6,NA,6,6,6,6,NA,NA,NA,NA,2002-03-18 09:59:00,3645
2001-12-08 09:00:00,DCNN,1646,24,1,DLY3208,251,1022,12.1,6.6,NA,NA,6,6,2006,6,NA,NA,NA,NA,2002-04-24 15:42:00,0
2001-12-09 09:00:00,DCNN,1646,24,1,DLY3208,251,1022,12.2,-1.1,NA,NA,6,2006,2006,6,NA,NA,NA,NA,2002-04-24 15:42:00,0
2001-12-10 09:00:00,DCNN,1646,24,1,DLY3208,251,1022,10.1,-4.7,-4.1,NA,6,2006,6,6,NA,NA,NA,NA,2002-04-24 15:42:00,0
2001-12-11 09:00:00,DCNN,1646,24,1,DLY3208,251,1011,4,-6.5,NA,NA,6,6,6,6,NA,NA,NA,NA,2002-04-24 15:48:00,227
2001-12-12 09:00:00,DCNN,1646,24,1,DLY3208,251,1022,6.5,-3,NA,NA,6,2006,2006,6,NA,NA,NA,NA,2002-04-24 15:43:00,0
2001-12-13 09:00:00,DCNN,1646,24,1,DLY3208,251,1022,5.4,-2.9,NA,NA,2006,2006,6,6,NA,NA,NA,NA,2002-04-24 15:43:00,0
2001-12-14 09:00:00,DCNN,1646,24,1,DLY3208,251,1022,6.4,3.4,NA,NA,6,2006,2006,6,NA,NA,NA,NA,2002-04-24 15:43:00,0
2001-12-15 09:00:00,DCNN,1646,24,1,DLY3208,251,1011,6.2,4.6,2.2,NA,6,6,6,6,NA,NA,NA,NA,2002-03-18 09:59:00,3645
2001-12-16 09:00:00,DCNN,1646,24,1,DLY3208,251,1011,6.7,4.5,3.4,NA,6,6,6,6,NA,NA,NA,NA,2002-03-18 09:59:00,3645
2001-12-17 09:00:00,DCNN,1646,24,1,DLY3208,251,1011,6.1,3.4,2.7,NA,6,6,6,6,NA,NA,NA,NA,2002-03-18 09:59:00,3645
2001-12-18 09:00:00,DCNN,1646,24,1,DLY3208,251,1011,5.6,2.7,0.5,NA,6,6,6,6,NA,NA,NA,NA,2002-03-18 09:59:00,3645
2001-12-19 09:00:00,DCNN,1646,24,1,DLY3208,251,1011,5.6,0.4,-1.6,NA,6,6,6,6,NA,NA,NA,NA,2002-03-18 09:59:00,3645
2001-12-20 09:00:00,DCNN,1646,24,1,DLY3208,251,1011,5.9,-1.2,-3.5,NA,6,6,6,6,NA,NA,NA,NA,2002-03-18 09:59:00,3645
2001-12-21 09:00:00,DCNN,1646,24,1,DLY3208,251,1011,8.4,0.1,-0.9,NA,6,6,6,6,NA,NA,NA,NA,2002-03-18 09:59:00,3645
2001-12-22 09:00:00,DCNN,1646,24,1,DLY3208,251,1011,7.2,-1.3,-6.4,NA,6,6,6,6,NA,NA,NA,NA,2002-03-18 09:59:00,3645
2001-12-23 09:00:00,DCNN,1646,24,1,DLY3208,251,1011,3.7,-1,-3.4,NA,6,6,6,6,NA,NA,NA,NA,2002-03-18 09:59:00,3645
2001-12-24 09:00:00,DCNN,1646,24,1,DLY3208,251,1011,7,2,NA,NA,6,6,6,6,NA,NA,NA,NA,2002-04-24 15:50:00,225
2001-12-25 09:00:00,DCNN,1646,24,1,DLY3208,251,1011,8.8,-1,NA,NA,6,6,6,6,NA,NA,NA,NA,2002-04-24 15:51:00,224
2001-12-26 09:00:00,DCNN,1646,24,1,DLY3208,251,1011,3.5,-7.1,NA,NA,6,6,6,6,NA,NA,NA,NA,2002-04-24 15:51:00,224
2001-12-27 09:00:00,DCNN,1646,24,1,DLY3208,251,1022,6,-3,-5.5,NA,2006,2006,6,6,NA,NA,NA,NA,2002-04-24 15:44:00,0
2001-12-28 09:00:00,DCNN,1646,24,1,DLY3208,251,1011,7.6,0.7,0.6,NA,6,6,6,6,NA,NA,NA,NA,2002-03-18 09:59:00,3645
2001-12-29 09:00:00,DCNN,1646,24,1,DLY3208,251,1022,2.8,-3.5,-3.1,NA,6,2006,6,6,NA,NA,NA,NA,2002-04-24 15:45:00,0
2001-12-30 09:00:00,DCNN,1646,24,1,DLY3208,251,1022,2.5,-3.5,-5.5,NA,2006,2006,6,6,NA,NA,NA,NA,2002-04-24 15:45:00,0
2001-12-31 09:00:00,DCNN,1646,24,1,DLY3208,251,1011,3.5,-3.9,-6,NA,6,6,6,6,NA,NA,NA,NA,2002-03-18 09:59:00,3645
end data
